archive,archive_bytes,archive_format,archive_sha256,entry_count,car_id,display_name,brand,year,class,car_root,bank_role,bank_path,bank_bytes,bank_sha256,guids_path,ui_path,physics_source,physics_path,ext_config_path,target_event_count,event_profile,duplicate_bank_group,notes
"Ferrari 458 Italia Tune.rar",77774380,"RAR5","65f694d942f3cfad45cb851f798ff8439bfca81d6e9e0668a25fd221a71ae0bb",283,"ms_ferrari_458","Ferrari 458 Italia Tune","Ferrari",2011,"street","ms_ferrari_458","active","ms_ferrari_458/sfx/ms_ferrari_458.bank",73852320,"b9c5bdf4d7382c52469f2b67bfedf0629966889c1bb59c101a64955459ea39d3","ms_ferrari_458/sfx/GUIDs.txt","ms_ferrari_458/ui/ui_car.json","acd","ms_ferrari_458/data.acd","ms_ferrari_458/extension/ext_config.ini",19,"standard-19","","Nested support archive: ms_ferrari_458/ui/cm_paintshop.zip"
"Ferrari F1 2000.zip",126598617,"ZIP","b143b870d85ca1e6558c5568800afe2e2eac9d0d4c9a9a39443c53cd09136842",152,"ferrari_f2000","Ferrari F1 2000","Ferrari",2000,"race","Ferrari F1 2000/content/cars/ferrari_f2000","active","Ferrari F1 2000/content/cars/ferrari_f2000/sfx/ferrari_f2000.bank",26155680,"d44caa47a84cc8b88c68555090a42584c53b392e65a9d69abb07d641961ff5a9","Ferrari F1 2000/content/cars/ferrari_f2000/sfx/GUIDs.txt","Ferrari F1 2000/content/cars/ferrari_f2000/ui/ui_car.json","acd","Ferrari F1 2000/content/cars/ferrari_f2000/data.acd","",19,"standard-19","",""
"Mercedes-Benz AMG GT3 EVO 2020 Sprint.7z",254765100,"7Z","88445250cedda2f3413400eeee8b4889e23a15c630e943ca0b728b8547007758",396,"bm_amg_evo_gt3_2020","Mercedes-Benz AMG GT3 EVO 2020","Mercedes-Benz",2020,"race","bm_amg_evo_gt3_2020","active","bm_amg_evo_gt3_2020/sfx/bm_amg_evo_gt3_2020.bank",19612064,"066361c1719f9964209f22855ef6f77209f5189c62f127fdc0e0414be04578dd","bm_amg_evo_gt3_2020/sfx/GUIDs.txt","bm_amg_evo_gt3_2020/ui/ui_car.json","acd","bm_amg_evo_gt3_2020/data.acd","bm_amg_evo_gt3_2020/extension/ext_config.ini",15,"missing:limiter|gear_grind|horn|turbo","mercedes-amg-evo-2020","GUIDs also contain mercedes_sls_gt3 namespace; nested extension/lumirank_font.zip"
"Mercedes-Benz AMG GT3 EVO 2020 Sprint.7z",254765100,"7Z","88445250cedda2f3413400eeee8b4889e23a15c630e943ca0b728b8547007758",396,"bm_amg_evo_gt3_2020_sprint","Mercedes-Benz AMG GT3 EVO 2020 Sprint","Mercedes-Benz",2020,"race","bm_amg_evo_gt3_2020_sprint","active","bm_amg_evo_gt3_2020_sprint/sfx/bm_amg_evo_gt3_2020_sprint.bank",19612064,"066361c1719f9964209f22855ef6f77209f5189c62f127fdc0e0414be04578dd","bm_amg_evo_gt3_2020_sprint/sfx/GUIDs.txt","bm_amg_evo_gt3_2020_sprint/ui/ui_car.json","acd","bm_amg_evo_gt3_2020_sprint/data.acd","bm_amg_evo_gt3_2020_sprint/extension/ext_config.ini",15,"missing:limiter|gear_grind|horn|turbo","mercedes-amg-evo-2020","GUIDs also contain mercedes_sls_gt3 namespace; nested extension/lumirank_font.zip"
"asw-2018-ferrari-488-gte-evo-michelotto-1.zip",151011551,"ZIP","c213ac41529b11f91c681392569967ff5901792711e18be7973fbd8f0401683c",453,"yzd_ferrari_488_gte_evo_2018","2018 Ferrari 488 GTE Evo [Michelotto]","Ferrari",2018,"GTE","yzd_ferrari_488_gte_evo_2018","active","yzd_ferrari_488_gte_evo_2018/sfx/yzd_ferrari_488_gte_evo_2018.bank",74650752,"7571540fec2fecb066f8f8e4f47b6f18768dde57052dd9e3d73bc121a5bad6e3","yzd_ferrari_488_gte_evo_2018/sfx/GUIDs.txt","yzd_ferrari_488_gte_evo_2018/ui/ui_car.json","acd","yzd_ferrari_488_gte_evo_2018/data.acd","yzd_ferrari_488_gte_evo_2018/extension/ext_config.ini",19,"standard-19","",""
"asw-a5-porsche-carrera-gt-rs.zip",207467051,"ZIP","8520987798576b3cebe61cc646baf19df2f41b9d9080b80aa8de8ef40ab5ac09",286,"porsche_carrera_gt_rs","- a5 Porsche Carrera GT RS","Porsche",2005,"street/trackday","porsche_carrera_gt_rs","active","porsche_carrera_gt_rs/sfx/porsche_carrera_gt_rs.bank",190259840,"d06ef6b1e84cb6c53afb009499c6d48ae88b0bab8deb9774fbc25ed9c2149bf0","porsche_carrera_gt_rs/sfx/GUIDs.txt","porsche_carrera_gt_rs/ui/ui_car.json","loose","porsche_carrera_gt_rs/data","",19,"standard-19","","GUIDs contain 14 car namespaces; filter to porsche_carrera_gt_rs"
"asw-aston-martin-dbrs9-gt3-4.zip",62376133,"ZIP","60e37274b25cf3b6aedf5ef9a745fd3bb5177d2c9da627d484fecae2b75b486f",170,"astonm_dbrs9_gt3","Aston Martin DBRS9 GT3","Aston Martin",2005,"gt","astonm_dbrs9_gt3","active","astonm_dbrs9_gt3/sfx/astonm_dbrs9_gt3.bank",36193280,"bfe70e701a59ad2dc2eb275c777312a16b393b92aebd3f14497881baeab23bce","astonm_dbrs9_gt3/sfx/GUIDs.txt","astonm_dbrs9_gt3/ui/ui_car.json","loose","astonm_dbrs9_gt3/data","",17,"missing:horn|turbo","","GUIDs contain 69 car namespaces; filter to astonm_dbrs9_gt3"
"asw-audi-r8-lms-gt2-4.zip",165455716,"ZIP","e8a20d58cddbe1ce3aeae844f1296486b4ce5d72059d2ee348947b4953afd1f4",233,"gue_audi_r8_lms_gt2","Audi R8 LMS GT2","Audi",2019,"race","gue_audi_r8_lms_gt2","active","gue_audi_r8_lms_gt2/sfx/gue_audi_r8_lms_gt2.bank",36189152,"2ce35efe5fd1dfdb639107a7747884abcc58973ed28f9b95e401c1c926104d81","gue_audi_r8_lms_gt2/sfx/GUIDs.txt","gue_audi_r8_lms_gt2/ui/ui_car.json","acd","gue_audi_r8_lms_gt2/data.acd","gue_audi_r8_lms_gt2/extension/ext_config.ini",19,"standard-19","","GUIDs contain 21 car namespaces including a stray gue_audi_r8_lms_gt2 (2); filter exact namespace"
"asw-audi-tt-cup-2015-1.zip",123459858,"ZIP","2e25b049fee81a6447263f2c1539570e0efe990da32c12702f29f97afeba7a57",165,"audi_tt_cup_2015","Audi TT Cup 2015","Audi",2015,"race","audi_tt_cup_2015","active","audi_tt_cup_2015/sfx/audi_tt_cup_2015.bank",44831040,"3adcc79053d7d1e0c6568c22e711da7869e9241f3e769f2d2d964338d06f924c","audi_tt_cup_2015/sfx/GUIDs.txt","audi_tt_cup_2015/ui/ui_car.json","acd","audi_tt_cup_2015/data.acd","",17,"missing:gear_grind|horn","",""
"asw-bmw-m8-gtlm.7z",44780181,"7Z","2dbf8403e1441fd5327a6d7e30ccd5a4662caea30a116179c33d2fcdfc58481f",91,"rollovers_m8_gte_imsa","BMW M8 GTLM","American Endurance Pack","","race","rollovers_m8_gte_imsa/content/cars/rollovers_m8_gte_imsa","active","rollovers_m8_gte_imsa/content/cars/rollovers_m8_gte_imsa/sfx/rollovers_m8_gte_imsa.bank",50653248,"f35a881836a168c785e44c57426f5ec5da62b14c8ff9e9096e6ca75e9f2f20d2","rollovers_m8_gte_imsa/content/cars/rollovers_m8_gte_imsa/sfx/GUIDs.txt","rollovers_m8_gte_imsa/content/cars/rollovers_m8_gte_imsa/ui/ui_car.json","acd","rollovers_m8_gte_imsa/content/cars/rollovers_m8_gte_imsa/data.acd","",19,"standard-19","","Archive has an extra wrapper before content/cars"
"asw-bugatti-chiron-pur-sport-1.zip",78704421,"ZIP","909be22b43c6156cea2636571e08a1c75dbb41042451a5deb44f660ab02d1080",121,"PurSport","Bugatti Chiron Pur Sport","Bugatti",2022,"street","PurSport","active","PurSport/sfx/PurSport.bank",58607168,"4b9fad4dc94d5b2c7489a8dd5a0d2714a4de99ffeb6476b12d010e474f880137","PurSport/sfx/GUIDs.txt","PurSport/ui/ui_car.json","loose","PurSport/data","PurSport/extension/ext_config.ini",18,"missing:wheel","","GUIDs put wheel under typo namespace PurSprt; preserve case"
"asw-cadillac-escalade-esv-1.zip",96650235,"ZIP","42f61c7894c4bafd76ab81de24bac7b946bd137a7d7daca897186d608165cf61",230,"gk_cadillac_escalade","Cadillac Escalade ESV ∣ 𝙂𝙞𝙤𝙧𝙜𝙞𝙆𝟬","Cadillac",2012,"street","gk_cadillac_escalade","active","gk_cadillac_escalade/sfx/gk_cadillac_escalade.bank",17295264,"71fcf063af3f04cc4bc5798c291da6679a41dbe6c2a4bf02c7ea5a1c62fcd900","gk_cadillac_escalade/sfx/GUIDs.txt","gk_cadillac_escalade/ui/ui_car.json","loose-preferred-over-acd","gk_cadillac_escalade/data","gk_cadillac_escalade/extension/ext_config.ini",19,"standard-19","","Both data/ and data.acd exist; current lab loader prefers loose data/"
"asw-chevrolet-camaro-concept.zip",33198893,"ZIP","69d1f7193ddcd8b55fdcac7be7bdd5a868108d1eabd072a76593c9b1ea3d8ebc",114,"pb_camaro_con_06","Chevrolet Camaro Concept","Chevrolet",2006,"street","pb_camaro_con_06","active","pb_camaro_con_06/sfx/pb_camaro_con_06.bank",16180320,"4c1a579da83ffb210986506398ee38215e89c793f87a5a319f1a73b01e835f95","pb_camaro_con_06/sfx/GUIDs.txt","pb_camaro_con_06/ui/ui_car.json","loose","pb_camaro_con_06/data","pb_camaro_con_06/extension/ext_config.ini",19,"standard-19","",""
"asw-chevrolet-corvette-c6-z06-stanced.zip",107782946,"ZIP","ab78ee0017f2dbf3470adc642414c287f63ec1cc80593e50102d021e8bfacdd8",187,"ste_stanced_z06c6","Chevrolet Corvette [C6] Z06 Stanced","Chevrolet",2007,"street","ste_stanced_z06c6","active","ste_stanced_z06c6/sfx/ste_stanced_z06c6.bank",60017312,"d54059281ff63beb418476a50011600a3f182337cb24477c91984333270a9334","ste_stanced_z06c6/sfx/GUIDs.txt","ste_stanced_z06c6/ui/ui_car.json","loose","ste_stanced_z06c6/data","ste_stanced_z06c6/extension/ext_config.ini",19,"standard-19","",""
"asw-chevrolet-corvette-c7-stingray-hellspec.zip",102818295,"ZIP","f4e40c940b7f505bcc8737ca1d103c7e2299b45843fbdab94ce37b3a31a07ce8",157,"corvette_c7_stingray_hellspec","Chevrolet Corvette C7 Stingray hellspec 😈","Chevrolet","","street","corvette_c7_stingray_hellspec","active","corvette_c7_stingray_hellspec/sfx/corvette_c7_stingray_hellspec.bank",60166656,"c2c78e9088d12749f95856cca272888f8eeab47709359883005205acaf7270f3","corvette_c7_stingray_hellspec/sfx/GUIDs.txt","corvette_c7_stingray_hellspec/ui/ui_car.json","acd","corvette_c7_stingray_hellspec/data.acd","corvette_c7_stingray_hellspec/extension/ext_config.ini",19,"standard-19","",""
"asw-ferrari-360-challenge-stradale-manual-1.zip",136232609,"ZIP","ef140d61959bb1806b6de8da74bab504d729a3ce158733a8bfe191ff6e20b01c",579,"ferrari_360_challenge_stradale_manual","Ferrari 360 Challenge Stradale manual","Ferrari",2003,"street","ferrari_360_challenge_stradale_manual","active","ferrari_360_challenge_stradale_manual/sfx/ferrari_360_challenge_stradale_manual.bank",82994976,"2650a3366fe6f054c3fc95323ad56df07837abe50ccbb736b99c6aed21e68a50","ferrari_360_challenge_stradale_manual/sfx/GUIDs.txt","ferrari_360_challenge_stradale_manual/ui/ui_car.json","acd","ferrari_360_challenge_stradale_manual/data.acd","ferrari_360_challenge_stradale_manual/extension/ext_config.ini",19,"standard-19","",""
"asw-ferrari-laferrari-trio.7z",66784782,"7Z","191e3addb8516e9ef00f1741ccda56e89a562feed8c2a72ee1eada89129e0168",363,"ferrari_laferrari_trio","Ferrari LaFerrari TRIO","Ferrari",2015,"street","ferrari_laferrari_trio","active","ferrari_laferrari_trio/sfx/ferrari_laferrari_trio.bank",54755744,"0cecbab84b0150867f6ff11066713ae4cb6aee550d7040da9b76dc0f81a2b596","ferrari_laferrari_trio/sfx/GUIDs.txt","ferrari_laferrari_trio/ui/ui_car.json","acd","ferrari_laferrari_trio/data.acd","ferrari_laferrari_trio/extension/ext_config.ini",13,"missing:backfire_ext|backfire_int|limiter|tractioncontrol_ext|tractioncontrol_int|turbo","","Despite archive name TRIO this is one car folder and one bank"
"asw-ferrari-sf90-xx-stradale-2024.rar",90518943,"RAR5","bad3d4a8e74029faf7d05cd5a9038778baec59f08fc57b084de43db1c0c2275c",447,"cky_ferrari_sf90xx","Ferrari SF90 XX Stradale 2024","Ferrari",2024,"track","cky_ferrari_sf90xx","active","cky_ferrari_sf90xx/sfx/cky_ferrari_sf90xx.bank",23822016,"811f215a04f235ce42efcdbd8e8e7d933b4537c85801d84e448518bf76dbb96e","cky_ferrari_sf90xx/sfx/GUIDs.txt","cky_ferrari_sf90xx/ui/ui_car.json","loose","cky_ferrari_sf90xx/data","cky_ferrari_sf90xx/extension/ext_config.ini",16,"missing:transmission|limiter|gear_grind","",""
"asw-ferruccio-3.zip",222880321,"ZIP","87b45d5b0f564db5f93c8fa7b67d46e790319318f52e6500866b1f7efc604979",330,"urd_egt_ferruccio","Ferruccio","EnduranceGT","","race","urd_egt_ferruccio","active","urd_egt_ferruccio/sfx/urd_egt_ferruccio.bank",63324768,"ebe5e00d8b720ea4709c65e05a145db5b49832bb189bebebab89b278887a1614","urd_egt_ferruccio/sfx/GUIDs.txt","urd_egt_ferruccio/ui/ui_car.json","acd","urd_egt_ferruccio/data.acd","",19,"standard-19","",""
"asw-ghast-2013-lexus-lfa-concept-gt500.7z",142207246,"7Z","bf43e7e22e1e9d2431708044c8eb9923700b6774adfbba400bcca771e4722b5f",202,"ghast_lfa_concept_gt500","Ghast | 2013 Lexus LFA Concept GT500","Lexus",2013,"race","content/cars/ghast_lfa_concept_gt500","active","content/cars/ghast_lfa_concept_gt500/sfx/ghast_lfa_concept_gt500.bank",62011264,"b83116900c41666fedf7b7256793d3d8808930a40ab938f1b089efd13bf63e42","content/cars/ghast_lfa_concept_gt500/sfx/GUIDs.txt","content/cars/ghast_lfa_concept_gt500/ui/ui_car.json","loose","content/cars/ghast_lfa_concept_gt500/data","content/cars/ghast_lfa_concept_gt500/extension/ext_config.ini",19,"standard-19","",""
"asw-gt2-3-ferrari-f430-gt2-2007.zip",212077613,"ZIP","a58b9c4f12d63d2871e10b93f5f01abef4040176fff16f1f50cab15ccd48705c",291,"ferrari_430_gt2","GT2 3 - Ferrari F430 GT2 2007","Ferrari",2007,"GT2,GTC","ferrari_430_gt2","active","ferrari_430_gt2/sfx/ferrari_430_gt2.bank",63324768,"b4268b5c284915d9c2a9c4e96e4467dddd74a004ba689d09c36d8e59b2f8e27f","ferrari_430_gt2/sfx/GUIDs.txt","ferrari_430_gt2/ui/ui_car.json","loose","ferrari_430_gt2/data","",16,"missing:tractioncontrol_int|transmission|turbo","","Active runtime bank; archive also contains a different legacy backup bank"
"asw-gt2-3-ferrari-f430-gt2-2007.zip",212077613,"ZIP","a58b9c4f12d63d2871e10b93f5f01abef4040176fff16f1f50cab15ccd48705c",291,"ferrari_430_gt2","GT2 3 - Ferrari F430 GT2 2007","Ferrari",2007,"GT2,GTC","ferrari_430_gt2","legacy-backup","ferrari_430_gt2/sfx/sfx_old/ferrari_430_gt2.bank",38474912,"0812701bd6344aee2c49d142ed274c73c7a699e981fdbf5bb1e32a844819f6b7","","","","","","","not-profiled","","Do not package unless explicitly comparing the old sound"
"asw-lexus-lfa-no-hesi-spec.zip",37951658,"ZIP","02a9043582ced89a908088fdd24bd080ac0c2fe4ddc27b5d39bc28bb71951c88",63,"nohesi_lexus_lfa_nurburgring","Lexus LFA | No Hesi Spec","Lexus",2012,"street","nohesi_lexus_lfa_nurburgring","active","nohesi_lexus_lfa_nurburgring/sfx/nohesi_lexus_lfa_nurburgring.bank",9791584,"ce26a1d67f4202fd9ab7d9b76db860e1690107e36fbe8d5e0010b22f4cd060ea","nohesi_lexus_lfa_nurburgring/sfx/GUIDs.txt","nohesi_lexus_lfa_nurburgring/ui/ui_car.json","acd","nohesi_lexus_lfa_nurburgring/data.acd","nohesi_lexus_lfa_nurburgring/extension/ext_config.ini",19,"standard-19","",""
"asw-lfa-nurburgring-edition.zip",53385959,"ZIP","c57d2aced86837c17f8cd1ba70e7de3e7c6b269316002ef5ccefef40ea538959",109,"lexus_lfa","LFA Nurburgring Edition","Lexus",2011,"race","lexus_lfa","active","lexus_lfa/sfx/lexus_lfa.bank",23415200,"d62c0a7854aacccc9f9fb1923100cea648c3da9e3181c74165e6f529f92eacfd","lexus_lfa/sfx/GUIDs.txt","lexus_lfa/ui/ui_car.json","loose","lexus_lfa/data","",19,"standard-19","","Internal bank GUID is donor name urd_jt5_2016_shiro_r1; nested skins/skin_templates.zip"
"asw-mercedes-amg-project-one-hypercar-1.rar",57089947,"RAR4","3940edb1218deaebd8b39c91b664fba20cc72ec0fd75a8ae28277f8538a816ee",113,"mercedes_concept_one","Mercedes-AMG Project One Hypercar","Mercedes-Benz","","race","mercedes_concept_one","active","mercedes_concept_one/sfx/mercedes_concept_one.bank",11323808,"284dc068976c5c97f8aea1b56c369d36f54c7b88622f811d36e8ee875ec89842","mercedes_concept_one/sfx/GUIDs.txt","mercedes_concept_one/ui/ui_car.json","acd","mercedes_concept_one/data.acd","",19,"standard-19","",""
"asw-mitsubishi-eclipse-gsx-r.zip",94886418,"ZIP","dfaba69a2d0aa87de8fcc3335c0647ee14fed444663cc5b50efb41479ef9ddb5",67,"f302_eclipse_gsx-r","Mitsubishi Eclipse GSX-R","Mitsubishi",2000,"race","f302_eclipse_gsx-r","active","f302_eclipse_gsx-r/sfx/f302_eclipse_gsx-r.bank",67644896,"789ab8b5cda7b1de85665a4bc576692ad470c02d3170b654162f998e205a8a83","f302_eclipse_gsx-r/sfx/GUIDs.txt","f302_eclipse_gsx-r/ui/ui_car.json","acd","f302_eclipse_gsx-r/data.acd","f302_eclipse_gsx-r/extension/ext_config.ini",21,"extra:start|transmission_ext","",""
"asw-nissan-350z-5.zip",124557418,"ZIP","24f904e8bcd2e42c06578ef5c59f10dd1e4ad2e06fa6f4c7fc7372a7c489d559",167,"06_ygt_53_nissan_350z","Nissan 350Z","Nissan",2007,"street","06_ygt_53_nissan_350z","active","06_ygt_53_nissan_350z/sfx/06_ygt_53_nissan_350z.bank",14142816,"89fd739bba3e18493af9d1a040dd830b7a67f8e5758abf54dfb991583cf09d81","06_ygt_53_nissan_350z/sfx/GUIDs.txt","06_ygt_53_nissan_350z/ui/ui_car.json","acd","06_ygt_53_nissan_350z/data.acd","06_ygt_53_nissan_350z/extension/ext_config.ini",20,"extra:turbo2","nissan-z-shared","Byte-identical bank to Nissan 370Z; GUIDs contain 69 car namespaces"
"asw-nissan-370z-widebody.zip",57999767,"ZIP","baa06c9012f769d1fa7c9f54d3128afbf6a48e620462ca8591344b1e98c10b26",84,"nohesi_370z_widebody","Nissan 370Z Widebody","Nissan","","street","nohesi_370z_widebody","active","nohesi_370z_widebody/sfx/nohesi_370z_widebody.bank",14142816,"89fd739bba3e18493af9d1a040dd830b7a67f8e5758abf54dfb991583cf09d81","nohesi_370z_widebody/sfx/GUIDs.txt","nohesi_370z_widebody/ui/ui_car.json","acd","nohesi_370z_widebody/data.acd","nohesi_370z_widebody/extension/ext_config.ini",20,"extra:turbo2","nissan-z-shared","Byte-identical bank to Nissan 350Z; GUIDs contain 69 car namespaces"
"asw-nissan-gt-r-nismo-godzilla-1.7z",71978392,"7Z","3f8a11fbf0d3b325adc309314cd588bb450ae7b06f9083d3c67c551339441338",243,"sa_gtr_Godzilla","Nissan GT-R NISMO Godzilla","Nissan",2017,"street","sa_gtr_Godzilla","active","sa_gtr_Godzilla/sfx/sa_gtr_Godzilla.bank",24941920,"b5c2fafb29e60311f51dea760c27bc0fe3b0d8086b2d3dd39bfb90def0e52d07","sa_gtr_Godzilla/sfx/GUIDs.txt","sa_gtr_Godzilla/ui/ui_car.json","loose","sa_gtr_Godzilla/data","sa_gtr_Godzilla/extension/ext_config.ini",19,"standard-19","","Internal bank GUID uses lowercase sa_gtr_godzilla; preserve/normalize case deliberately"
"asw-pack-lexus-lfa-4.zip",140099119,"ZIP","829ba14b0759e898aafa0e39fe270f4ee3ed7ee07f4b7af4dd1f14461c572685",591,"jw_lexus_lfa","Lexus LFA","Lexus",2011,"street","Lexus LFA Pack V1.1/content/cars/jw_lexus_lfa","active","Lexus LFA Pack V1.1/content/cars/jw_lexus_lfa/sfx/jw_lexus_lfa.bank",17274848,"adee25d4dea4b9afc910e3a17a0d06eed96cbaec34a8630d5fc6c74cbcb4a6d8","Lexus LFA Pack V1.1/content/cars/jw_lexus_lfa/sfx/GUIDs.txt","Lexus LFA Pack V1.1/content/cars/jw_lexus_lfa/ui/ui_car.json","loose","Lexus LFA Pack V1.1/content/cars/jw_lexus_lfa/data","Lexus LFA Pack V1.1/content/cars/jw_lexus_lfa/extension/ext_config.ini",19,"standard-19","lexus-lfa-pack-shared","Byte-identical bank to jw_lexus_lfa_us"
"asw-pack-lexus-lfa-4.zip",140099119,"ZIP","829ba14b0759e898aafa0e39fe270f4ee3ed7ee07f4b7af4dd1f14461c572685",591,"jw_lexus_lfa_us","Lexus LFA (US)","Lexus",2011,"street","Lexus LFA Pack V1.1/content/cars/jw_lexus_lfa_us","active","Lexus LFA Pack V1.1/content/cars/jw_lexus_lfa_us/sfx/jw_lexus_lfa_us.bank",17274848,"adee25d4dea4b9afc910e3a17a0d06eed96cbaec34a8630d5fc6c74cbcb4a6d8","Lexus LFA Pack V1.1/content/cars/jw_lexus_lfa_us/sfx/GUIDs.txt","Lexus LFA Pack V1.1/content/cars/jw_lexus_lfa_us/ui/ui_car.json","loose","Lexus LFA Pack V1.1/content/cars/jw_lexus_lfa_us/data","Lexus LFA Pack V1.1/content/cars/jw_lexus_lfa_us/extension/ext_config.ini",19,"standard-19","lexus-lfa-pack-shared","Byte-identical bank to jw_lexus_lfa"
"asw-pack-mitsubishi-lancer-evolution-viii-gsr-1.zip",86727012,"ZIP","a40f0d47f2f35bf7d723c0e9250235ddfc0c8f2086e571a88beb851b768d8249",281,"pb_lanevo8_gsr_tnr_04","Mitsubishi Lancer Evolution VIII BLR Specials","Mitsubishi",2004,"street","content/cars/pb_lanevo8_gsr_tnr_04","active","content/cars/pb_lanevo8_gsr_tnr_04/sfx/pb_lanevo8_gsr_tnr_04.bank",24127296,"8a23f6dcd56882337e116f320155c8ce76edd125a2676e63176c9330a2b58754","content/cars/pb_lanevo8_gsr_tnr_04/sfx/GUIDs.txt","content/cars/pb_lanevo8_gsr_tnr_04/ui/ui_car.json","loose","content/cars/pb_lanevo8_gsr_tnr_04/data","content/cars/pb_lanevo8_gsr_tnr_04/extension/ext_config.ini",20,"extra:transmission_ext","lancer-viii-pack-shared","Byte-identical bank to pb_lanevo8_gsr_04"
"asw-pack-mitsubishi-lancer-evolution-viii-gsr-1.zip",86727012,"ZIP","a40f0d47f2f35bf7d723c0e9250235ddfc0c8f2086e571a88beb851b768d8249",281,"pb_lanevo8_gsr_04","Mitsubishi Lancer Evolution VIII GSR","Mitsubishi",2004,"street","content/cars/pb_lanevo8_gsr_04","active","content/cars/pb_lanevo8_gsr_04/sfx/pb_lanevo8_gsr_04.bank",24127296,"8a23f6dcd56882337e116f320155c8ce76edd125a2676e63176c9330a2b58754","content/cars/pb_lanevo8_gsr_04/sfx/GUIDs.txt","content/cars/pb_lanevo8_gsr_04/ui/ui_car.json","loose","content/cars/pb_lanevo8_gsr_04/data","content/cars/pb_lanevo8_gsr_04/extension/ext_config.ini",20,"extra:transmission_ext","lancer-viii-pack-shared","Byte-identical bank to pb_lanevo8_gsr_tnr_04"
"asw-porsche-911-992-turbo-s-pdk-1.rar",297906895,"RAR5","94f18cd9448cb2b8958e4689b264b5dcd430a02d4fcb80559fc6e8d87074084e",496,"porsche_992_turbo_s","Porsche 911 (992) Turbo S PDK","Porsche",2021,"street","porsche_992_turbo_s","active","porsche_992_turbo_s/sfx/porsche_992_turbo_s.bank",55153600,"977599532f9dc0cfb7de3b19032fc8309ddcb10ebe003314489be8c3df47cbe0","porsche_992_turbo_s/sfx/GUIDs.txt","porsche_992_turbo_s/ui/ui_car.json","loose","porsche_992_turbo_s/data","porsche_992_turbo_s/extension/ext_config.ini",19,"standard-19","","Nested support archive: porsche_992_turbo_s/ui/cm_paintshop.zip"
"asw-porsche-911-gt3-rs-hellspec.7z",129088601,"7Z","5118866f8b66ccbc9cbff111c54941cc0f6c976d4fc1419ff040ba46a6b1f8a5",181,"porsche_911_gt3_rs_hellspec","Porsche 911 GT3 RS hellspec","Porsche","","street","porsche_911_gt3_rs_hellspec","active","porsche_911_gt3_rs_hellspec/sfx/porsche_911_gt3_rs_hellspec.bank",92319968,"4116d146dc1c135644996489f63087529be1989221752e5a9de8efafc49978d9","porsche_911_gt3_rs_hellspec/sfx/GUIDs.txt","porsche_911_gt3_rs_hellspec/ui/ui_car.json","acd","porsche_911_gt3_rs_hellspec/data.acd","porsche_911_gt3_rs_hellspec/extension/ext_config.ini",19,"standard-19","",""
"asw-toyota-supra-wangan.rar",118186760,"RAR5","365ad99342325f7f8e6e9587e7849719290d73d287bf5339b859545a4450c9f0",84,"no_supra_mk4_w1","Toyota Supra Wangan","Toyota",1997,"street","no_supra_mk4_w1","active","no_supra_mk4_w1/sfx/no_supra_mk4_w1.bank",96968896,"9f670b7130f4afeee75643b700b4053abdbccf477b4fbec7eb7a1b8cf743791d","no_supra_mk4_w1/sfx/GUIDs.txt","no_supra_mk4_w1/ui/ui_car.json","acd","no_supra_mk4_w1/data.acd","no_supra_mk4_w1/extension/ext_config.ini",19,"standard-19","",""
"sayrx_porsche_911_turboS.rar",86119310,"RAR5","5a5ada18b7c57ed6c6f0866760d16b0695b1bc45e984e30ee026a9d9c75435d2",114,"sayrx_porsche_911_turboS","Sayrx Porsche 911 turboS 2022","Sayrx Performance",2022,"street","sayrx_porsche_911_turboS","active","sayrx_porsche_911_turboS/sfx/sayrx_porsche_911_turboS.bank",98092000,"323ed883f3a46c754ab390e89d4f0f9ad47b590297168ddd6839ce6b63a91774","sayrx_porsche_911_turboS/sfx/GUIDs.txt","sayrx_porsche_911_turboS/ui/ui_car.json","acd","sayrx_porsche_911_turboS/data.acd","sayrx_porsche_911_turboS/extension/ext_config.ini",19,"standard-19","",""
